{"Reviews": [{"Author": "Cassie V.", "ReviewID": "C0XcD26vEKq0qiXddRG0uA", "Overall": "4.0", "Content": "Ahhh tapas, the small plates that contain individual tiny bites of joy. Cafe Ba-Ba-Reeba does their versions very well.In a group of 8, celebrating a birthday, many of the tapas were sampled and many drinks were to be had. Four of us split a pitcher of peach sangria, which was very good, each of us got two full glasses and there was a little top off to spare. As far as the food I personally took bites of:Bacon wrapped dates (5/5)Steak skewers (4/5)Spicy Potatotes (4/5)Fried Green Peppers (3/5) andPaella Valenciana (5/5)Braised short ribs w/mashed potatoes (5/5)Dessert - Chocolate Truffle Cake (3/5)You can't go wrong with bacon wrapped dates. The steak skewers and spicy potatoes were more impressive because of the sauce pairings. The fried green peppers were good, just not much to them, not a punch in the bite like I like my tapas. The paella was my favorite paella ever, mostly because paella usually comes with seafood and this one did not. Also it was done well. The braised short ribs I got to myself and every mouthful was very succulent and exactly like I would have wanted and was expecting. The chocolate cake was standard, nothing impressive, but good all the same. Service was around, clearing plates and making sure we got what all of our orders. Very impressive, especially since the concept of tapas induces a higher service standard than restaurants with the normal three plates.I can't wait to take the Mister here to show him how to eat like we do in Espa\u00f1a.", "Date": "2014-05-20", "Author_Location": "Chicago, IL"}, {"Author": "Tom", "ReviewID": "12345678901", "Overall": "5.0", "Content": "This was our last meal on our Chicago trip and we chose it after hearing great things about this place from our friend who used to live in the area. My husband and I came for an early dinner and the restaurant was pretty empty and quiet. We shared the following: - Avocado crostini: so tasty!! It's a delicious and light appetizer great for sharing! So fresh and delicious! Honestly, it's very simple and I could probably make this at home, but I had no regrets ordering it. Definitely recommend this one! - Lobster ravioli: I was pretty disappointed by this dish. It was a little on the bland side, and I wished it had more of a lemony citrusy flavor. - Pumpkin ravioli w/ butternut squash: delicious!!! I loved this dish. The flavor is amazing! It's seriously like autumn on a plate. Sweet, savory, and the sage is just perfection! One of the best pasta dishes I've ever had! - Panna cotta: this was definitely not your average panna cotta. It was actually a chocolate flavor which took me by surprise. They nailed the texture though! Overall, the panna cotta was good, but a little too rich for my personal liking. If you like desserts like decadent chocolate pudding, get this. Service was phenomenal! 5 stars for the service alone. The manager and server both took great care of us throughout the night. We felt like honorary guests! I would recommend this place just based on the amazing hospitality and service we received.", "Date": "2015-02-01", "Author_Location": "Houston, TX"}, {"Author": "Jack", "ReviewID": "123456789012", "Overall": "5.0", "Content": "My mouth is watering writing this review. Omg, these tacos are EVERYTHING and then some,imo. Los Tacos offers no tables to sit at, like more than half of the other spots at the market don't either. The line was composed of about 40 people when I got there, and the wait was probably about 10-15 minutes.... but the wait is extremely worth it. Their steak and pork tacos are fantastic. Their pico de gallo is tangy, but not over the top spicy. Holy crap. These are by far the fastest and tastiest tacos that have ever graced my mouth. Their pork tacos have freaking pineapple in them? I've never had this combo and I'm dying to have some more of them right now. The employees are really friendly and move efficiently fast. The price? about $3 dollars a taco. WHAT? yes. The tacos are made by a Mexican staff? YES! That's probably why they're so damn good. Something to keep in mind though, after you pay and receive your ticket, move quickly to the other side and give that other person your ticket. If you assume that after you pay, your ticket number or order will be called out for you to come get it, you will be waiting there for a longgggggg time.", "Date": "2015-02-01", "Author_Location": "Houston, TX"}, {"Author": "Jack", "ReviewID": "1234567890123", "Overall": "5.0", "Content": "In the basement of United Nations building, this restaurant feels like an upscale izakaya. We sat in a middle booth. We ordered draft Sapporo ($7) which came with 2 inches of foam and in a less than a pint size glass. The service was fairly slow but not unbearable once we got our full bottle of unfiltered shirakawago sake. The bottle was set on the table on ice in a beautiful wooden container with flower. We ordered: Sashimi: Tuna, amberjack, mackerel, red snapper, and salmon with iruka (instead of the uni) b/c [my dinner mates are not adventurous eaters]. Each piece was spectacularly thick and supple. The roe on the salmon was best I have ever eaten. It was sweet with a touch of brine instead of the other way around. A+ for presentation. Tuna Tartare with yellow and black masago on a bed of thinly sliced cucumbers. Roasted Duck slices served cold and wrapped around a bundle of soy marinated Daikon topped with a dot of pea sauce and half moon lemon slices. This dish is about contrast. The fatty and chewy meat plays excellently against salty crispy radish and the finish of citrus just brightens the bite. Chawamushi: Steam Egg custard with mushroom in a sour chicken broth. It had similar flavor profile to Cantonese hot n sour soup. It is a bit more asian than rest of our food order. We had chicken two ways. First was the jidori shioyaki. Crispy chicken skin. Grilled served with salt and miso.  Second was the tori-karaage which a fancy term for fried chicken. Five almost too big pieces of poultry. I am not sure why lofan people always leave the vegetal side. The lettuce with the fried chicken was less decadent. Beef. We had the signature ishiyaki which was thinly sliced beef slices cooked on top of a hot stone. (See the video). We also had the steak which paled in comparison. Finally NOODLES. Inaniwa Udon served hot in a clear broth. It was so refreshing eating just noodles, broth, and spinach. The noodles were Al dente and very slurp-able. The broth was light and fresh but had firm flavor.  This is what you should order. Dessert. Black sesame creme br?l��e with black sesame ice cream.  Not so much burnt sugar but the Asian twist on this french dessert was rather delicious.", "Date": "2015-02-01", "Author_Location": "Houston, TX"}, {"Author": "Patricia S.", "ReviewID": "12345678901234", "Overall": "4.0", "Content": "I usually come here on friday or saturday nights with my friends, and its really crowded. Its a really cool atmosphere and we love coming here. Their pizzas and sweet potato fries are delicious! I love their food, its really good and theres a lot to choose from. Their desserts are definitely worth trying. Peach cobbler is a must!", "Date": "2014-06-18", "Author_Location": "Houston, TX"}], "RestaurantInfo": {"RestaurantID": "query", "Name": "query file", "Price": "$$", "RestaurantURL": "/", "Longitude": "-82.98598429999999", "Address": "Charlottesville, VA", "Latitude": "39.944412", "ImgURL": "/"}}